id,caption,recommend
10001680,"تیشرت گشاد و بلندی تا کمر از جنس پنبه با طراحی چاپی ""are you ready?"" به رنگ سفید روی زمینه سیاه، دارای یقه گرد و آستین‌های کوتاه.","برای ست کردن این پیراهن مشکی با طرح ""are you ready؟""، می‌توانید از ترکیب‌های زیر استفاده کنید:

### شلوار:
1. **شلوار جین آبی تیره**: این شلوار با رنگ مشکی پیراهن تضاد خوبی ایجاد می‌کند و ظاهری کلاسیک به شما می‌دهد.
2. **شلوار کتان خاکستری**: رنگ خاکستری به خوبی با مشکی ترکیب می‌شود و ظاهری مدرن و شیک به شما می‌بخشد.
3. **شلوار ورزشی مشکی**: برای یک استایل راحت و اسپرت، شلوار ورزشی مشکی گزینه مناسبی است.
4. **شلوار چرم مشکی**: این ترکیب می‌تواند ظاهری خاص و جذاب به شما بدهد.
5. **شلوار پارچه‌ای سفید**: رنگ سفید به خوبی با مشکی ترکیب می‌شود و ظاهری روشن و شاداب ایجاد می‌کند.

### کفش:
1. **کفش کتانی سفید**: این کفش‌ها با پیراهن مشکی تضاد خوبی ایجاد می‌کنند و ظاهری اسپرت به شما می‌دهند.
2. **کفش چرم مشکی**: برای یک استایل رسمی‌تر، کفش چرم مشکی گزینه مناسبی است.
3. **کفش ورزشی رنگی**: انتخاب یک کفش ورزشی با رنگ‌های شاد می‌تواند به استایل شما انرژی ببخشد.
4. **کفش پاشنه‌دار مشکی**: برای یک استایل زنانه و شیک، کفش پاشنه‌دار مشکی مناسب است.
5. **کفش راحتی خاکستری**: این کفش‌ها می‌توانند راحتی و استایل را به خوبی ترکیب کنند.

### کیف:
1. **کیف دوشی مشکی**: این کیف با پیراهن و شلوار مشکی هماهنگی خوبی دارد.
2. **کیف دستی سفید**: رنگ سفید می‌تواند به استایل شما روشنایی ببخشد.
3. **کیف کوله‌پشتی رنگی**: برای یک استایل جوانانه و شاداب، کیف کوله‌پشتی با رنگ‌های شاد انتخاب خوبی است.
4. **کیف چرم قهوه‌ای**: این کیف می‌تواند ظاهری کلاسیک و شیک به شما بدهد.
5. **کیف کوچک مشکی با جزئیات طلایی**: این کیف می‌تواند به استایل شما جلوه‌ای خاص ببخشد. 

با این ترکیب‌ها می‌توانید استایل‌های مختلفی را با پیراهن مشکی خود ایجاد کنید!"
10001740,تیشرت مشکی گشاد و تا کمر با یقه گرد و گرافیک صورت سفید چاپ شده بر روی سینه.,"برای ست کردن این پیراهن مشکی با طرح گرافیکی سفید، می‌توانید از ترکیب‌های زیر استفاده کنید:

### شلوار:
1. **شلوار جین آبی**: شلوار جین آبی تیره با این پیراهن بسیار مناسب است و ظاهری کژوال و شیک ایجاد می‌کند.
2. **شلوار کتان خاکستری**: شلوار کتان خاکستری روشن می‌تواند تضاد خوبی با پیراهن مشکی ایجاد کند و ظاهری مدرن به شما ببخشد.
3. **شلوار ورزشی مشکی**: برای یک استایل راحت و اسپرت، شلوار ورزشی مشکی می‌تواند گزینه خوبی باشد.
4. **شلوار چرم مشکی**: برای یک استایل خاص و شیک، شلوار چرم مشکی می‌تواند انتخاب مناسبی باشد.
5. **شلوار پارچه‌ای سفید**: شلوار پارچه‌ای سفید می‌تواند ظاهری روشن و تازه به استایل شما بدهد.

### کفش:
1. **کفش کتانی سفید**: کفش کتانی سفید با این پیراهن کژوال و راحتی را به ارمغان می‌آورد.
2. **کفش چرم مشکی**: کفش چرم مشکی می‌تواند ظاهری کلاسیک و شیک به شما بدهد.
3. **کفش ورزشی رنگی**: کفش ورزشی با رنگ‌های شاد می‌تواند به استایل شما انرژی و جذابیت بیشتری ببخشد.
4. **صندل چرم**: برای روزهای گرم، صندل چرم می‌تواند گزینه‌ای راحت و شیک باشد.
5. **کفش پاشنه‌دار مشکی**: برای یک استایل رسمی‌تر، کفش پاشنه‌دار مشکی می‌تواند انتخاب خوبی باشد.

### کیف:
1. **کیف دوشی مشکی**: کیف دوشی مشکی ساده می‌تواند به راحتی با این پیراهن ست شود.
2. **کیف دستی رنگی**: کیف دستی با رنگ شاد می‌تواند به استایل شما جذابیت بیشتری ببخشد.
3. **کیف کلاچ سفید**: کیف کلاچ سفید می‌تواند ظاهری شیک و مدرن به شما بدهد.
4. **کیف ورزشی**: برای استایل اسپرت، کیف ورزشی می‌تواند گزینه مناسبی باشد.
5. **کیف چرم قهوه‌ای**: کیف چرم قهوه‌ای می‌تواند تضاد خوبی با پیراهن مشکی ایجاد کند و ظاهری کلاسیک به شما ببخشد."
